<?xml version="1.0" encoding="UTF-8"?><project xmlns="http://www.netbeans.org/ns/project/1">
    <type>com.microchip.mplab.nbide.embedded.makeproject</type>
    <configuration>
        <data xmlns="http://www.netbeans.org/ns/make-project/1">
            <name>PsSimpleServo</name>
            <creation-uuid>559a6bcb-46f1-473d-b2f3-596e2784b80c</creation-uuid>
            <make-project-type>0</make-project-type>
            <c-extensions>c</c-extensions>
            <cpp-extensions/>
            <header-extensions/>
            <asminc-extensions/>
            <sourceEncoding>UTF-8</sourceEncoding>
            <make-dep-projects/>
        </data>
    </configuration>
</project>
